"Do you know any prayers, my friend?",Sir Guy of Gisbourne ,by Basil Rathbone,in The Adventure of Robin Hood,1938
"You would not kill a man for telling the truth, would you?",Robin Hood ,by Errol Flynn,in The Adventure of Robin Hood,1938
Such insolence must support a healthy appetite!,Prince John ,by Claude Rains,in The Adventure of Robin Hood,1938
Urry up and take that ugly face of yours out of 'ere! ,Bess,by Una O'Connor,in The Adventure of Robin Hood,1938
"You still don't understand what you're dealing with, do you?",Ash ,by Ian Holm,in Alien,1979
"I can't lie to you about your chances, but... you have my sympathies.",Ash,by Ian Holm,in Alien,1979
You... BITCH!,Ripley ,by Sigourney Weaver,in Alien,1979
I don't trust him.,Ripley ,by Sigourney Weaver,in Alien,1979
"There is an explanation for this, you know.",Ash,by Ian Holm,in Alien,1979
"You are my lucky star. You... Lucky, lucky, lucky, lucky, lucky.",Ripley,by Sigourney Weaver,in Alien,1979
We don't know if it's intelligent.,Brett,by Harry Dean Stanton,in Alien,1979
"This is the worst shit I've ever seen, man.",Brett,by Harry Dean Stanton,in Alien,1979
You're goddamn right!,Dallas,by Tom Skerritt,in Alien,1979
"That's it, man. Game over, man. Game over! ",Hudson ,by Bill Paxton,in Aliens,1986
"Maybe we can build a fire, sing a couple of songs, huh? Why don't we try that?",Burke ,by Paul Reiser,in Aliens,1986
Stop your grinnin' and drop your linen!,Hudson,by Bill Paxton,in Aliens,1986
"Yes, honey. I think we both can.",Ripley,by Sigourney Weaver,in Aliens,1986
Now go to sleep and don't dream.,Ripley,by Sigourney Weaver,in Aliens,1986
Because it's judgment that defeats us.,Colonel Walter E. Kurtz ,by Marlon Brando ,in Apocalypse Now,1979
Everyone gets everything he wants. ,Captain Benjamin L. Willard ,by Martin Sheen,in Apocalypse Now,1979
"You can either surf, or you can fight!",Lieutenant Colonel Bill Kilgore ,by Robert Duvall,in Apocalypse Now,1979
Have you ever considered any real freedoms? Freedoms from the opinion of others... even the opinions of yourself?,Colonel Walter E. Kurtz ,by Marlon Brando ,in Apocalypse Now,1979
"You are like a baby. Making noise, don't know what to do. ",Neytiri ,by Zoe Saldana,in Avatar,2009
Easy. Easy... ,Jake Sully ,by Sam Worthington,in Avatar,2009
It is hard to fill a cup that is already full.,Moat ,by CCH Pounder,in Avatar,2009
Shut up and fly straight!,Jake Sully ,by Sam Worthington,in Avatar,2009
Hold on a second.,Trudy Chacon ,by Michelle Rodriguez,in Avatar,2009
Run! Definitely run!,Dr. Grace Augustine,by Sigourney Weaver,in Avatar,2009
I thought you'd never ask.,Jake Sully ,by Sam Worthington,in Avatar,2009
Think fast.,Dr. Grace Augustine,by Sigourney Weaver,in Avatar,2009
Sometimes your whole life boils down to one insane move.,Jake Sully,by Sam Worthington,in Avatar,2009
Don't play with that. You'll go blind.,Dr. Grace Augustine,by Sigourney Weaver,in Avatar,2009
"Sooner or later, though, you always have to wake up.",Jake Sully,by Sam Worthington,in Avatar,2009
It was worth a try.,Jake Sully,by Sam Worthington,in Avatar,2009
"You have to leave, or you're gonna die!",Jake Sully,by Sam Worthington,in Avatar,2009
This is great!,Jake Sully,by Sam Worthington,in Avatar,2009
"Tell me something, my friend. You ever dance with the devil in the pale moonlight?",The Joker ,by Jack Nicholson,in Batman,1989
You must be joking.,Vicki Vale ,by Kim Basinger,in Batman,1989
LIGHTS OUT! Now you wanna get nuts? Come on! Let's get nuts.,Batman ,by Michael Keaton,in Batman,1989
"Well, I mean, let's face it. You're not exactly normal, are you?",Vicki Vale ,by Kim Basinger,in Batman,1989
Haven't you ever heard of the healing power of laughter?,The Joker ,by Jack Nicholson,in Batman,1989
"But, as my plastic surgeon always said: if you gotta go, go with a smile.",The Joker ,by Jack Nicholson,in Batman,1989
Forget about it.,Axel Foley ,by Eddie Murphy,in Beverly Hills Cop,1984
Let's hear your side of the story.,Axel Foley ,by Eddie Murphy,in Beverly Hills Cop,1984
You changed man!,Axel Foley ,by Eddie Murphy,in Beverly Hills Cop,1984
Killing insane people is not good for public relations.,The Sergeant ,by Lee Marvin,in The Big Red One,1980
"Quite an experience to live in fear, isn't it? That's what it is to be a slave.",Roy Batty ,by Rutger Hauer,in Blade Runner,1982
"You reach down and you flip the tortoise over on its back, Leon.",Holden ,by Morgan Paull,in Blade Runner,1982
I had in mind something a little more radical.,Roy Batty ,by Rutger Hauer,in Blade Runner,1982
Nothing is worse than having an itch you can never scratch!,Leon Kowalski ,by Brion James,in Blade Runner,1982
That's no way to treat a friend.,Rick Deckard ,by Harrison Ford,in Blade Runner,1982
"Every man dies, not every man really lives.",William Wallace ,by Mel Gibson,in Braveheart,1995
You all right? You look a wee bit shaky.,William Wallace ,by Mel Gibson,in Braveheart,1995
Your heart is free. Have the courage to follow it.,Malcolm Wallace ,by Sean Lawlor,in Braveheart,1995
"If your wit were as big as your voice, me dear, it's the great man you'd be by this.",Dr. Peter Blood ,by Errol Flynn,in Captain Blood,1935
And that my friend ends a partnership that should never have begun.,Dr. Peter Blood ,by Errol Flynn,in Captain Blood,1935
A fella can get rich if he's lucky.,Honesty Nuttall ,by Forrester Harvey,in Captain Blood,1935
"Wake up, Little Fish. Hey, wake up, wake up! Somebody think you dead, they have celebrations.",Manuel Fidello ,by Spencer Tracy,in Captain Courageous,1937
You gotta tell big lies to girls to make them happy.,Manuel Fidello ,by Spencer Tracy,in Captain Courageous,1937
"Yippee-ki-yay, motherfucker.",John McClane,by Bruce Willis,in Die Hard,1988
"Welcome to the party, pal.",John McClane,by Bruce Willis,in Die Hard,1988
"Very good, you've figured it out already.",Hans Gruber ,by Alan Rickman,in Die Hard,1988
"What the hell you talking about, man.",Sergeant Al Powell ,by Reginald Veljohnson,in Die Hard,1988
"Oh, yeah, that's right. That's what's it's all about, all right. But talkin' about it and bein' it, that's two different things.",George Hanson ,by Jack Nicholson,in Easy Rider,1969
No. Try not. Do... or do not. There is no try.,Yoda,by Frank Oz,in The Empire Strikes Back,1980
"Control, control, you must learn control!",Yoda,by Frank Oz,in The Empire Strikes Back,1980
You must unlearn what you have learned.,Yoda,by Frank Oz,in The Empire Strikes Back,1980
"He will join us or die, master.",Darth Vader ,by David Prowse,in The Empire Strikes Back,1980
We're in trouble!,Han Solo ,by Harrison Ford,in The Empire Strikes Back,1980
Either shut him up or shut him down!,Han Solo ,by Harrison Ford,in The Empire Strikes Back,1980
Don't get excited.,Han Solo ,by Harrison Ford,in The Empire Strikes Back,1980
"You have learned much, young one.",Darth Vader ,by David Prowse,in The Empire Strikes Back,1980
You certainly have a way with people...,Princess Leia ,by Carrie Fisher,in The Empire Strikes Back,1980
"The force is with you, young Skywalker, but you are not a Jedi yet",Darth Vader,by David Prowse,in The Empire Strikes Back,1980
"You have your moments. Not many of them, but you do have them.",Princess Leia ,by Carrie Fisher,in The Empire Strikes Back,1980
I have a bad feeling about this...,Princess Leia ,by Carrie Fisher,in The Empire Strikes Back,1980
I hope you know what you're doing.,Princess Leia ,by Carrie Fisher,in The Empire Strikes Back,1980
Punch it!,Lando,by Billy Dee Williams,in The Empire Strikes Back,1980
Destroy the image and you will break the enemy.,Shaolin Abbott ,by Roy Chiao,in Enter Dragon ,1973
Never take your eyes off your opponent... even when you're bowing!,Lee,by Bruce Lee,in Enter Dragon ,1973
Your style is unorthodox.,Han,by Kien Shih,in Enter Dragon ,1973
"We are all ready to win, just as we are born knowing only life. It is defeat that you must learn to prepare for.",Han,by Kien Shih,in Enter Dragon ,1973
Very few people can be totally ruthless. It isn't easy; it takes more strength than you might believe.,Han,by Kien Shih,in Enter Dragon ,1973
"You won't find it down there, Columbus!",Varla ,by Tura Satana,"in Faster, Pussycat ! Kill! Kill !",1965
"You're all shook up, aren't you, baby?",Varla ,by Tura Satana,"in Faster, Pussycat ! Kill! Kill !",1965
Go get her!,Varla ,by Tura Satana,"in Faster, Pussycat ! Kill! Kill !",1965
"Easy, baby, you're almost a fire hazard!",Varla ,by Tura Satana,"in Faster, Pussycat ! Kill! Kill !",1965
The things you own end up owning you.,Tyler Durden ,by Brad Pitt,in Fight Club,1999
It's only after we've lost everything that we're free to do anything.,Tyler Durden ,by Brad Pitt,in Fight Club,1999
Get out of your apartment. ,Tyler Durden ,by Brad Pitt,in Fight Club,1999
Meet a member of the opposite sex. ,Tyler Durden ,by Brad Pitt,in Fight Club,1999
Stop the excessive shopping and masturbation.,Tyler Durden ,by Brad Pitt,in Fight Club,1999
Quit your job. ,Tyler Durden ,by Brad Pitt,in Fight Club,1999
Start a fight. Prove you're alive.,Tyler Durden ,by Brad Pitt,in Fight Club,1999
If you don't claim your humanity you will become a statistic. ,Tyler Durden ,by Brad Pitt,in Fight Club,1999
Take some responsibility!,Tyler Durden ,by Brad Pitt,in Fight Club,1999
Listen to me! You have to consider the possibility that God does not like you.,Tyler Durden ,by Brad Pitt,in Fight Club,1999
We're a generation of men raised by women. I'm wondering if another woman is really the answer we need.,Tyler Durden ,by Brad Pitt,in Fight Club,1999
"Without pain, without sacrifice, we would have nothing. Like the first monkey shot into space.",Tyler Durden ,by Brad Pitt,in Fight Club,1999
Stop trying to control everything and just let go! LET GO!,Tyler Durden ,by Brad Pitt,in Fight Club,1999
"Reject the basic assumptions of civilization, especially the importance of material possessions.",Tyler Durden ,by Brad Pitt,in Fight Club,1999
You have a kind of sick desperation in your laugh.,Tyler Durden ,by Brad Pitt,in Fight Club,1999
"Fuck what you know. You need to forget about what you know, that's your problem. ",Tyler Durden ,by Brad Pitt,in Fight Club,1999
This is your life and it's ending one minute at a time.,Narrator,by Edward Norton,in Fight Club,1999
This is so fucking stupid...,Narrator,by Edward Norton,in Fight Club,1999
You're insane.,Narrator,by Edward Norton,in Fight Club,1999
"Without pain, without sacrifice, we would have nothing. Like the first monkey shot into space.",Tyler Durden ,by Brad Pitt,in Fight Club,1999
A day without blood is like a day without sunshine.,Private Joker ,by Matthew Modine,in Full Metal Jacket,1987
Be good... And don't trust boys.,Jack Carter ,by Michael Caine,in Get Carter,1971
Only comparatively.,Jack Carter ,by Michael Caine,in Get Carter,1971
'Cause I know you wear purple underwear.,Jack Carter ,by Michael Caine,in Get Carter,1971
What we do in life... echoes in eternity.,Maximus ,by Russell Crowe,in Gladiator,2000
"At my signal, unleash hell.",Maximus ,by Russell Crowe,in Gladiator,2000
You don't find it hard to do your duty?,Maximus ,by Russell Crowe,in Gladiator,2000
You will not be emperor.,Marcus Aurelius ,by Richard Harris,in Gladiator,2000
"Congratulations, you have very persuasive friends.",Proximo ,by Oliver Reed,in Gladiator,2000
"Yeah, why not?",James Bond ,by Sean Connery,in Goldfinger,1964
Shocking! Positively shocking!,James Bond ,by Sean Connery,in Goldfinger,1964
Can you afford to take that chance?,James Bond ,by Sean Connery,in Goldfinger,1964
I think you made your point. Thank you for the demonstration.,James Bond ,by Sean Connery,in Goldfinger,1964
"You like a close shave, don't you?",Pussy Galore ,by Honor Blackman,in Goldfinger,1964
That's very sensible.,Pussy Galore ,by Honor Blackman,in Goldfinger,1964
Don't let yourself get attached to anything you are not willing to walk out on in 30 seconds flat if you feel the heat around the corner.,Neil McCauley ,by Robert De Niro,in Heat,1995
There is a flip side to that coin. ,Neil McCauley ,by Robert De Niro,in Heat,1995
"Who? Who? What are you, a fucking owl?",Vincent Hanna,by Al Pacino,in Heat,1995
Pretty fuckin' great.,Vincent Hanna,by Al Pacino,in Heat,1995
You don't wanna know.,Vincent Hanna,by Al Pacino,in Heat,1995
"Bon voyage, motherfucker. ",Vincent Hanna,by Al Pacino,in Heat,1995
"Where's your empathy, brother? ",Albert Torena ,by Ricky Harris,in Heat,1995
"It's like risk versus reward, baby.",Charlene Shiherlis ,by Ashley Judd,in Heat,1995
Yeah man. Fuck it. You on.,Donald Breedan ,by Dennis Haysbert,in Heat,1995
Once an idea has taken hold of the brain it's almost impossible to eradicate. ,Cobb ,by Leonardo DiCaprio,in Inception,2010
That might work.,Cobb ,by Leonardo DiCaprio,in Inception,2010
No idea is simple when you have to plant it in someone else's mind.,Cobb ,by Leonardo DiCaprio,in Inception,2010
"You mustn't be afraid to dream a little bigger, darling.",Eames,by Tom Hardy,in Inception,2010
"Don't you want to take a leap of faith? Or become an old man, filled with regret, waiting to die alone!",Saito,by Ken Watanabe ,in Inception,2010
You mind telling your subconscious to take it easy?,Ariadne ,by Ellen Page,in Inception,2010
You should walk away from this!,Arthur,by Joseph Gordon-Levitt,in Inception,2010
Not a chance in hell. Goodnight!,David Levinson  ,by Jeff Goldblum ,in Independence day,1996
"This could be our last night on Earth. You don't want to die a virgin, do you?",Philip,by Devon Gummersall,in Independence day,1996
"Let's kick the tires and light the fires, big daddy!",Capt. Jimmy Wilder ,by Harry Connick Jr,in Independence day,1996
"Man, you are never gonna get to fly the space shuttle if you marry a stripper.",Capt. Jimmy Wilder ,by Harry Connick Jr,in Independence day,1996
"Ohhh, you're gonna have to do this one...",Capt. Steven Hiller ,by Will Smith,in Independence day,1996
You're gonna need a bigger boat.,Brody ,by Roy Scheider,in Jaws,1975
That makes a lot of sense.,Hooper ,by Richard Dreyfuss,in Jaws,1975
Fascinating. Want a pretzel?,Hooper ,by Richard Dreyfuss,in Jaws,1975
"Well, it's a tough job, but somebody's got to do it.",Frank White ,by Christopher Walken,in King of New York,1990
All we have to decide is what to do with the time that is given to us.,Gandalf,by Ian McKellen,in The Lord of the Rings,2001
"Fly, you fools!",Gandalf,by Ian McKellen,in The Lord of the Rings,2001
You shall not pass!,Gandalf,by Ian McKellen,in The Lord of the Rings,2001
There's no need to get angry.,Gandalf,by Ian McKellen,in The Lord of the Rings,2001
Be on your guard. There are older and fouler things than Orcs in the deep places of the world.,Gandalf,by Ian McKellen,in The Lord of the Rings,2001
Even the smallest person can change the course of the future.,Galadriel,Cate Blanchett,in The Lord of the Rings,2001
You must take it!,Frodo,by Elijah Wood,in The Lord of the Rings,2001
"It's a dangerous business, going out your door. ",Bilbo,by Ian Holm,in The Lord of the Rings,2001
Rip them all down.,Saruman,by Christopher Lee,in The Lord of the Rings,2001
There is no other way.,Frodo,by Elijah Wood,in The Lord of the Rings,2001
Don't tell the Elf.,Gimli ,by John Rhys-Davies,in The Lord of the Rings,2002
Whatever luck you live by... let's hope it lasts the night.,Gimli ,by John Rhys-Davies,in The Lord of the Rings,2002
"That was deliberate, it was deliberate.",Gimli ,by John Rhys-Davies,in The Lord of the Rings,2002
"Which is, of course, ridiculous.",Gimli ,by Joseph Gordon-Levitt,in The Lord of the Rings,2002
Keep breathing. That's the key. Breathe.,Gimli ,by Joseph Gordon-Levitt,in The Lord of the Rings,2002
"Hold your ground, hold your ground!",Aragorn,by Viggo Mortensen,in The Lord of the Rings,2003
What does your heart tell you?,Aragorn,by Viggo Mortensen,in The Lord of the Rings,2003
"Well, that isn't so bad.",Pippin,by Billy Boyd,in The Lord of the Rings,2003
Nothing is certain.,Elrond ,by Hugo Weaving,in The Lord of the Rings,2003
It's the deep breath before the plunge.,Gandalf,by Ian McKellen,in The Lord of the Rings,2003
Prepare for battle!,Gandalf,by Ian McKellen,in The Lord of the Rings,2003
Anything I say. What a wonderful philosophy you have. ,Toecutter,by Hugh Keays-Byrne,in Mad Max,1979
Joviality is a game of children.,Bubba Zanetti ,by Geoff Parry,in Mad Max,1979
You've seen it!... You've heard it!... and you're still asking questions?,Goose ,by Steve Bisley,in Mad Max,1979
"This is your last chance. After this, there is no turning back. ",Morpheus,by Laurence Fishburne,in The Matrix,1999
"I imagine that right now, you're feeling a bit like Alice. Hmm? Tumbling down the rabbit hole?",Morpheus,by Laurence Fishburne,in The Matrix,1999
"Neo, sooner or later you're going to realize just as I did that there's a difference between knowing the path and walking the path.",Morpheus,by Laurence Fishburne,in The Matrix,1999
"You have the look of a man who accepts what he sees because he is expecting to wake up. Ironically, that's not far from the truth. ",Morpheus,by Laurence Fishburne,in The Matrix,1999
Do not try and bend the spoon. That's impossible. Instead... only try to realize the truth.,Spoon boy ,by Rowan Witt,in The Matrix,1999
To deny our own impulses is to deny the very thing that makes us human.,Mouse,by Matt Doran,in The Matrix,1999
Ignorance is bliss.,Cypher,by Joe Pantoliano,in The Matrix,1999
Dodge this.,Trinity ,by Carrie-Anne Moss,in The Matrix,1999
"Your next life, maybe. Who knows? That's the way these things go.",Oracle,by Gloria Foster,in The Matrix,1999
"It's fate, you know. Nobody can stop fate, nobody can.",Mickey,by Woody Harrelson,in Natural Born Killers,1994
"You know, the only thing that kills the demon... is love.",Mickey,by Woody Harrelson,in Natural Born Killers,1994
You can't hide from your shadow.,Mickey,by Woody Harrelson,in Natural Born Killers,1994
"The whole world's comin' to an end, Mal!",Mickey,by Woody Harrelson,in Natural Born Killers,1994
"Another day, perhaps, but not today!",Mickey,by Woody Harrelson,in Natural Born Killers,1994
That's poetry. But we'll do that when all else fails.,Mickey,by Woody Harrelson,in Natural Born Killers,1994
You make everyday feel like kindergarten.,Mallory,by Juliette Lewis,in Natural Born Killers,1994
Just how far do you think you're gonna get?,Dwight McClusk ,by Tommy Lee Jones ,in Natural Born Killers,1994
I thought you'd be a little more creative than that!,Mallory,by Juliette Lewis,in Natural Born Killers,1994
And now it's here. And it's either heads or tails. And you have to say. Call it.,Anton Chigurh ,by Javier Bardem,in No Country For Old Men,2007
People always say the same thing.,Anton Chigurh ,by Javier Bardem,in No Country For Old Men,2007
And you know what's going to happen now. You should admit your situation. There would be more dignity in it.,Anton Chigurh ,by Javier Bardem,in No Country For Old Men,2007
"Whatcha got ain't nothin new. This country's hard on people, you can't stop what's coming, it ain't all waiting on you. That's vanity.",Ellis,by Barry Corbin,in No Country For Old Men,2007
Do you have any idea how crazy you are?,Carson Wells ,by Woody Harrelson,in No Country For Old Men,2007
I'm kindly surprised to hear you say that.,Ed Tom Bell ,by Tommy Lee Jones,in No Country For Old Men,2007
Now that's aggravatin'.,Ed Tom Bell ,by Tommy Lee Jones,in No Country For Old Men,2007
"But I think once you quit hearing ""sir"" and ""ma'am,"" the rest is soon to follow.",Ed Tom Bell ,by Tommy Lee Jones,in No Country For Old Men,2007
Be careful.,Loretta Bell ,by Tess Harper,in No Country For Old Men,2007
"Oh, baby, things happen...",Llewelyn Moss ,by Josh Brolin,in No Country For Old Men,2007
"Remember, never trust anybody over 30.",George Taylor ,by Charlton Heston,in Planet of the Apes,1968
You can't trust the older generation.,Lucius,by Lou Wagner,in Planet of the Apes,1968
"So beer ain't good enough for you, huh?",Tom Powers ,by James Cagney,in The Public Enemy,1931
"Well, not before breakfast, dear.",Kitty,by Mae Clarke,in The Public Enemy,1931
"Anything you say, big boy.",Kitty,by Mae Clarke,in The Public Enemy,1931
Uncomfortable silences. Why do we feel it's necessary to yak about bullshit in order to be comfortable?,Mia ,by Uma Thurman,in Pulp Fiction,1994
"Zed's dead, baby. Zed's dead.",Butch,by Bruce Willis,in Pulp Fiction,1994
If my answers frighten you then you should cease asking scary questions.,Jules,by Samuel L. Jackson,in Pulp Fiction,1994
"Oh, Jimmie, don't even worry about that...",Jules,by Samuel L. Jackson,in Pulp Fiction,1994
"Now Yolanda, we're not gonna do anything stupid, are we?",Jules,by Samuel L. Jackson,in Pulp Fiction,1994
I said don't do that!,Jules,by Samuel L. Jackson,in Pulp Fiction,1994
"Yeah, that's probably a good idea.",Jules,by Samuel L. Jackson,in Pulp Fiction,1994
"Fuck pride. Pride only hurts, it never helps.",Marsellus,by Ving Rhames,in Pulp Fiction,1994
Just because you are a character doesn't mean that you have character.,The Wolf ,by Harvey Keitel,in Pulp Fiction,1994
I'm kinda curious about that myself...,Lance,by Eric Stoltz,in Pulp Fiction,1994
"If you're all right, then say something.",Lance,by Eric Stoltz,in Pulp Fiction,1994
I DON'T KNOW! STOP BOTHERING ME!,Lance,by Eric Stoltz,in Pulp Fiction,1994
"Chill the fuck out, Jules, this shit happens.",Vincent,by John Travolta,in Pulp Fiction,1994
It's just against the rules. ,Vincent,by John Travolta,in Pulp Fiction,1994
Any time of the day is a good time for pie.,Fabienne,by Maria de Medeiros,in Pulp Fiction,1994
I like the way you stink.,Fabienne,by Maria de Medeiros,in Pulp Fiction,1994
"Man, I don't even have an opinion.",Marvin,by Phil LaMarr,in Pulp Fiction,1994
"It's not the years, honey, it's the mileage.",Indiana,by Harrison Ford,in Raiders of the Lost Ark,1981
"I don't know, I'm making this up as I go!",Indiana,by Harrison Ford,in Raiders of the Lost Ark,1981
Try the local sewer.,Indiana,by Harrison Ford,in Raiders of the Lost Ark,1981
"Come on! Show a little backbone, will ya!",Jock,by Fred Sorenson,in Raiders of the Lost Ark,1981
"Yes, that's what the Hebrews thought.",Brody ,by Denholm Elliott,in Raiders of the Lost Ark,1981
"We never seem to get a break, do we?",Marion,by Karen Allen,in Raiders of the Lost Ark,1981
"If you insist, se�or.",Satipo,by Alfred Molina,in Raiders of the Lost Ark,1981
Let us hurry. There is nothing to fear here.,Satipo,by Alfred Molina,in Raiders of the Lost Ark,1981
"Please, sit down before you fall down.",Belloq,by Paul Freeman,in Raiders of the Lost Ark,1981
That time has passed.,Toht,by Ronald Lacey,in Raiders of the Lost Ark,1981
"That's hard, man. That's a fucking hard situation.",Mr. White ,by Harvey Keitel,in Reservoir Dogs,1992
"I don't know, but somebody did!",Mr. Pink ,by Steve Buscemi,in Reservoir Dogs,1992
"Well, that's hard to say, It's kind of a strange time now. ",Joe,by Lawrence Tierney,in Reservoir Dogs,1992
"All right ramblers, let's get rambling!",Joe,by Lawrence Tierney,in Reservoir Dogs,1992
"Never mind what you ""normally"" would do.",Joe,by Lawrence Tierney,in Reservoir Dogs,1992
It's a change.,Mr. Blonde ,by Michael Madsen,in Reservoir Dogs,1992
No. Of course not.,Luke,by Mark Hamill,in Return of the Jedi,1983
It's a trap!,Admiral Ackbar ,by Tim Rose,in Return of the Jedi,1983
Doesn't sound so bad.,Han Solo ,by Harrison Ford,in Return of the Jedi,1983
I have a really bad feeling about this.,Han Solo: ,by Harrison Ford,in Return of the Jedi,1983
"You're a jittery little thing, aren't you?",Princess Leia,by Carrie Fisher,in Return of the Jedi,1983
You cannot escape your destiny. You must face Darth Vader again.,Obi-Wan ,by Alec Guinness,in Return of the Jedi,1983
Rise my friend.,The Emperor ,by Ian McDiarmid,in Return of the Jedi,1983
As you wish.,Darth Vader ,by David Prowse,in Return of the Jedi,1983
"It means the same thing, you know that.",Feathers ,Angie Dickinson,in Rio Bravo,1959
It's nice to see a smart kid for a change.,John T. Chance ,by John Wayne,in Rio Bravo,1959
"You take chances, my friend.",John T. Chance ,by John Wayne,in Rio Bravo,1959
"If I ever saw a man holdin' a bull by the tail, you're it.",Pat Wheeler ,by Ward Bond,in Rio Bravo,1959
Not unless you mind your own business.,Dude,by Dean Martin,in Rio Bravo,1959
Stay out of trouble.,RoboCop ,by Peter Weller,in RoboCop,1987
They'll fix you. They fix everything.,RoboCop ,by Peter Weller,in RoboCop,1987
Knock yourself out.,Bob Morton ,byMiguel Ferrer,in RoboCop,1987
Yeah. D'you wanna live forever?,Emil,by Paul McCrane,in RoboCop,1987
"Turn around, man.",Steve Minh ,by Calvin Jung,in RoboCop,1987
You can keep the gum.,Clarence Boddicker ,by Kurtwood Smith,in RoboCop,1987
You're gonna eat lightnin' and you're gonna crap thunder!,Mickey,by Burgess Meredith,in Rocky,1976
I always knew you was pretty...,Rocky,by Sylvester Stallone,in Rocky,1976
Fucked up beyond all recognition.,Mellish ,by Adam Goldberg,in Saving Private Ryan,1998
I got a bad feeling about this one.,Private Reiben ,by Edward Burns,in Saving Private Ryan,1998
It doesn't make any sense.,Private Ryan ,by Matt Damon,in Saving Private Ryan,1998
Earn this.,Captain Miller ,by Tom Hanks,in Saving Private Ryan,1998
Things have taken a turn for the surreal.,Captain Miller ,by Tom Hanks,in Saving Private Ryan,1998
"Not enough, this is not enough.",Captain Miller ,by Tom Hanks,in Saving Private Ryan,1998
Don't let your mouth get your ass in trouble.,John Shaft ,by Richard Roundtree,in Shaft,1971
"Yeah, I know. Take it easy.",John Shaft ,by Richard Roundtree,in Shaft,1971
Good question.,James Bond ,by Daniel Craig,in Skyfall,2012
"Well, everybody needs a hobby.",James Bond ,by Daniel Craig,in Skyfall,2012
Not even remotely.,James Bond ,by Daniel Craig,in Skyfall,2012
That would be one way of looking at it.,James Bond ,by Daniel Craig,in Skyfall,2012
Be careful what you wish for...,S�v�rine ,by B�r�nice Marlohe,in Skyfall,2012
Think of your sins.,Raoul Silva ,by Javier Bardem,in Skyfall,2012
You can't grieve forever.,Marcus Licinius Crassus ,by Laurence Olivier,in Spartacus,1960
"Good luck, and may fortune smile upon... most of you.",Batiatus ,by Peter Ustinov,in Spartacus,1960
"Use the Force, Luke.",Ben Obi-Wan Kenobi ,by Alec Guinness,in Star Wars,1977
"No, I don't think he likes you at all.",C-3PO ,by Anthony Daniels,in Star Wars,1977
The Force is strong with this one.,Darth Vader ,by David Prowse,in Star Wars,1977
I have a very bad feeling about this.,Luke Skywalker ,by Mark Hamill,in Star Wars,1977
"Your powers are weak, old man.",Darth Vader,by David Prowse,in Star Wars,1977
"The Force will be with you, always.",Ben Obi-Wan Kenobi,by Alec Guinness,in Star Wars,1977
"In my experience, there's no such thing as luck.",Ben Obi-Wan Kenobi,by Alec Guinness,in Star Wars,1977
It's not over yet.,Princess Leia Organa ,by Carrie Fisher,in Star Wars,1977
You can waste time with your friends when your chores are done.,Uncle Owen ,by Phil Brown,in Star Wars,1977
What makes you think that?,Uncle Owen,by Phil Brown,in Star Wars,1977
May the Force be with you.,Han Solo,by Harrison Ford,in Star Wars,1977
That isn't very reassuring.,C-3PO: ,by Anthony Daniels,in Star Wars,1977
Now we're through talkin'.,Youngblood Priest ,by Ron O'Neal,in Superfly,1972
"Just think about it, don't throw it out, just, just think about it.",Eddie,by Carl Lee,in Superfly,1972
"Hasta la vista, baby.",The Terminator ,by Arnold Schwarzenegger,in Terminator 2: Judgment Day,1991
No.,The Terminator ,by Arnold Schwarzenegger,in Terminator 2: Judgment Day,1991
Yes.,The Terminator ,by Arnold Schwarzenegger,in Terminator 2: Judgment Day,1991
"Stay here, I'll be back.",The Terminator ,by Arnold Schwarzenegger,in Terminator 2: Judgment Day,1991
"Great! See, you're getting it!",John Connor,by Edward Furlong,in Terminator 2: Judgment Day,1991
This is deep...,John Connor,by Edward Furlong,in Terminator 2: Judgment Day,1991
Come with me if you want to live.,Kyle Reese ,by Michael Biehn,in Terminator,1984
Look! You have heard enough! I have answered your questions! ,Kyle Reese ,by Michael Biehn,in Terminator,1984
Pain can be controlled - you just disconnect it.,Kyle Reese ,by Michael Biehn,in Terminator,1984
You can't do that.,Pawn Shop Clerk ,by Dick Miller,in Terminator,1984
Wrong!,The Terminator ,by Arnold Schwarzenegger,in Terminator,1984
"If you're good at something, never do it for free.",The Joker ,by Heath Ledger,in The Dark Knight,2008
Why so serious?,The Joker ,by Heath Ledger,in The Dark Knight,2008
Let's put a smile on that face!,The Joker ,by Heath Ledger,in The Dark Knight,2008
"Mmm, now we're talking.",The Joker ,by Heath Ledger,in The Dark Knight,2008
Very poor choice of words...,The Joker ,by Heath Ledger,in The Dark Knight,2008
Ta-daa! It's... it's gone.,The Joker ,by Heath Ledger,in The Dark Knight,2008
The only sensible way to live in this world is without rules.,The Joker ,by Heath Ledger,in The Dark Knight,2008
Make it fast.,The Joker ,by Heath Ledger,in The Dark Knight,208
"Oh, you have no idea.",Alfred Pennyworth ,by Michael Caine,in The Dark Knight,2008
Can't hurt your chances.,Harvey Dent/Two-Face,Aaron Eckhart,in The Dark Knight,2008
I certainly hope not.,Bruce Wayne ,by Christian Bale,in The Dark Knight,2008
But I did bloody tell you.,Alfred Pennyworth,by Michael Caine,in The Dark Knight,2008
You're crazy.,Gambol,by Michael Jai White,in The Dark Knight,2008
I'd recommend a good travel agent.,Lucius Fox ,by Morgan Freemanx,in The Dark Knight,2008
You watch your mouth!,Louise Sawyer,by Susan Sarandon,in Thelma&Louise,1991
You get what you settle for.,Louise Sawyer,by Susan Sarandon,in Thelma&Louise,1991
That's putting it mildly.,Louise Sawyer,by Susan Sarandon,in Thelma&Louise,1991
I believe you do.,Louise Sawyer,by Susan Sarandon,in Thelma&Louise,1991
"Thelma, oh, goddamn, it's not okay!",Louise Sawyer,by Susan Sarandon,in Thelma&Louise,1991
"What'd you do, take some kinda pill that makes you say all the right stuff? ",Louise Sawyer,by Susan Sarandon,in Thelma&Louise,1991
"Oh man! You wouldn'ta believed it, it was like I was doing it all my life, nobody woulda believed it.",Thelma Dickerson,by Geena Davis,in Thelma&Louise,1991
May-be... may-be.,Thelma Dickerson,by Geena Davis,in Thelma&Louise,1991
Let's keep goin'!,Thelma Dickerson,by Geena Davis,in Thelma&Louise,1991
"Come on, Louise, don't blow it.",Thelma Dickerson,by Geena Davis,in Thelma&Louise,1991
Don't matter. Brains'll only get you so far and luck always runs out.,Hal Slocumb ,by Harvey Keitel,in Thelma&Louise,1991
"Everything a lie. Everything you hear, everything you see. ",First Sgt. Edward Welsh ,by Sean Penn,in The Thin Red Line,1998
"They want you dead, or in their lie... ",First Sgt. Edward Welsh ,by Sean Penn,in The Thin Red Line,1998
You're in a box. A moving box. ,First Sgt. Edward Welsh ,by Sean Penn,in The Thin Red Line,1998
Property. The whole fucking thing's about property.,First Sgt. Edward Welsh ,by Sean Penn,in The Thin Red Line,1998
Sounds like bliss.,First Sgt. Edward Welsh ,by Sean Penn,in The Thin Red Line,1998
"Well sir, I never asked myself that question.",Lt. Col. Gordon Tall ,by Nick Nolte,in The Thin Red Line,1998
"The closer you are to Caesar, the greater the fear.",Lt. Col. Gordon Tall ,by Nick Nolte,in The Thin Red Line,1998
"Look at this jungle. Look at those vines, the way they twine around, swallowing everything. Nature's cruel, Staros.",Lt. Col. Gordon Tall ,by Nick Nolte,in The Thin Red Line,1998
Maybe they wanna get into eh... Nirvana.,Pvt. Charlie Dale ,by Arie Verveen,in The Thin Red Line,1998
"The tough part is, uh... Not knowing if you're doing any good. That's the hard part.",Capt. James 'Bugger' ,by Staros Elias Koteas,in The Thin Red Line,1998
"You're scared, right?",Archie Gates ,by George Clooney,in Three Kings,1999
"You know you're on the path to truth when you smell shit, isn't that what they say?",Archie Gates ,by George Clooney,in Three Kings,1999
You're wrong.,Archie Gates ,by George Clooney,in Three Kings,1999
Maybe.,Conrad Vig ,by Spike Jonze,in Three Kings,1999
I don't know the answer! That's what I'm trying to find out!,Troy Barlow,by Mark Wahlberg ,in Three Kings,1999
Don't tell people that.,Conrad Vig,by Mark Wahlberg ,in Three Kings,1999
You don't fuckin' tell people that.,Adriana Cruz ,by Nora Dunn,in Three Kings,1999
"Talk to me, Goose.",Maverick ,by Tom Cruise,in Top Gun,1986
"I could tell you, but then I'd have to kill you.",Maverick ,by Tom Cruise,in Top Gun,1986
"You don't have time to think up there. If you think, you're dead.",Maverick ,by Tom Cruise,in Top Gun,1986
I guess not. ,Douglas Quaid,by Arnold Schwarzenegger,in Total Recall,1990
Consider that a divorce! ,Douglas Quaid ,by Arnold Schwarzenegger,in Total Recall,1990
Relax. You'll live longer.,Douglas Quaid,by Arnold Schwarzenegger,in Total Recall,1990
No wonder you're having nightmares. You're always watching the news.,Lori,by Sharon Stone  ,in Total Recall,1990
Your whole life is just a dream.,Lori,by Sharon Stone  ,in Total Recall,1990
"You have to make a decision, sir.",Richter,by Michael Ironside,in Total Recall,1990
"Don't fuck with your brain, pal. It ain't worth it. ",Harry,by Robert Costanzo,in Total Recall,1990
Don't do anything.,Vilos Cohaagen ,by Ronny Cox,in Total Recall,1990
"Never stop, never stop fighting till the fight is done.",Ness,by Kevin Costner,in The Untouchables,1987
Anything within the law.,Ness,by Kevin Costner,in The Untouchables,1987
"Well, the Lord hates a coward.",Malone,by Sean Connery,in The Untouchables,1987
Don't wait for it to happen. Don't even want it to happen. Just watch what does happen.,Malone,by Sean Connery,in The Untouchables,1987
All right! Enough of this running shit!,Malone,by Sean Connery,in The Untouchables,1987
You can get further with a kind word and a gun than you can with just a kind word.,Capone,by Robert De Niro,in The Untouchables,1987
It can only be attributable to human error.,HAL,by Douglas Rain,in 2001: A Space Odyssey,1968
Well let's get on with it.,Dave Bowman ,by Keir Dullea,in 2001: A Space Odyssey,1968
"Well, we'd be in very serious trouble.",Dave Bowman ,by Keir Dullea,in 2001: A Space Odyssey,1968
I'm afraid I agree with you.,Dave Bowman ,by Keir Dullea,in 2001: A Space Odyssey,1968
"I'm sorry, I'm simply not at liberty to say.",Dr. Floyd ,by William Sylvester,in 2001: A Space Odyssey,1968
You guys have really come up with somethin'.,Dr. Floyd ,by William Sylvester,in 2001: A Space Odyssey,1968
Let's go while the going's good.,Charlie Allnut,by Humphrey Bogart,in The African Queen,1951
Ain't a thing I can do about it.,Charlie Allnut,by Humphrey Bogart,in The African Queen,1951
"If you put your mind to it, you can accomplish anything.",Marty McFly,by Michael J. Fox,in Back to the Future,1985
How do you fight an idea?,Sextus,by Andr� Morell,in Ben-Hur,1959
It is not generous! ,Sheik Ilderim ,by Hugh Griffith,in Ben-Hur,1959
Do you dare play chess with me for her?,Hjalmar Poelzig ,by Boris Karloff,in The Black Cat,1934
It has been a good game.,Dr. Vitus Werdegast ,by Bela Lugosi,in The Black Cat,1934
"You give me powders, pills, baths, injections, enemas; when all I need is love.",Commander Shears ,by William Holden,in The Bridge on the River Kwai,1957
You couldn't be more wrong!,Commander Shears ,by William Holden,in The Bridge on the River Kwai,1957
Sounds a frightful bore.,Colonel Green,by Andr� Morell,in The Bridge on the River Kwai,1957
"As I've told you before, in a job like yours, even when it's finished, there's always one more thing to do.",Colonel Green,by Andr� Morell,in The Bridge on the River Kwai,1957
Just close your eyes and hold your breath and everything will turn real pretty.,Roy Neary ,by Richard Dreyfuss,in Close Encounters of the Third Kind,1977
You can't fool us by agreeing with us.,Roy Neary ,by Richard Dreyfuss,in Close Encounters of the Third Kind,1977
You can come and play now.,Barry Guiler ,by Cary Guffey,in Close Encounters of the Third Kind,1977
Clean everything up!,Barry Guiler ,by Cary Guffey,in Close Encounters of the Third Kind,1977
Sometimes you have to lose yourself 'fore you can find anything.,Lewis,by Burt Reynolds,in Deliverance,1972
Night has fallen. And there's nothin' we can do about it.,Ed ,by Jon Voight,in Deliverance,1972
"You know, sometimes I wonder about that.",Ed ,by Jon Voight,in Deliverance,1972
"Ah, just made it worse.",Big Daddy ,by Don Johnson,in Django Unchained,2012
"You silver tongued devil, you.",Dr. King Schultz ,by Christoph Waltz,in Django Unchained,2012
"Well, I'm afraid so!",Dr. King Schultz,by Christoph Waltz,in Django Unchained,2012
I'm curious what makes you so curious.,Django ,by Jamie Foxx,in Django Unchained,2012
You wanna hold my hand?,Django ,by Jamie Foxx,in Django Unchained,2012
Keep it funny!,Django ,by Jamie Foxx,in Django Unchained,2012
You're mad!,Sgt. Archibald Cutter ,by Cary Grant,in Gunga Din,1939
You ain't so stupid as you look. ,Sgt. 'Mac' MacChesney ,by Victor McLaglen,in Gunga Din,1939
Don't let it bother you.,Peter Warne ,by Clark Gable,in It Happened One Night,1934
You're doing alright.,Peter Warne ,by Clark Gable,in It Happened One Night,1934
QUIT BAWLING! QUIT BAWLING!,Peter Warne ,by Clark Gable,in It Happened One Night,1934
"Well, you don't have to lose your temper!",Ellie Andrews ,by Claudette Colbert,in It Happened One Night,1934
Your ego is absolutely colossal.,Ellie Andrews ,by Claudette Colbert,in It Happened One Night,1934
That's amazing.,Ellie Andrews ,by Claudette Colbert,in It Happened One Night,1934
It seems to me you're doing excellently without any assistance.,Ellie Andrews ,by Claudette Colbert,in It Happened One Night,1934
You're gonna need a bigger boat.,Brody,by Roy Scheider,in Jaws,1975
Smile you son of a BITCH.,Brody,by Roy Scheider,in Jaws,1975
Keep kicking.,Hooper ,by Richard Dreyfuss,in Jaws,1975
That makes a lot of sense.,Hooper ,by Richard Dreyfuss,in Jaws,1975
That is absolutely out of the question.,John Hammond ,by Richard Attenborough,in Jurassic Park,1993
Hold on to your butts.,Ray Arnold  ,by Samuel L. Jackson,in Jurassic Park,1993
"God help us, we're in the hands of engineers.",Dr. Ian Malcolm ,by Jeff Goldblum,in Jurassic Park,1993
"When you gotta go, you gotta go.",Dr. Ian Malcolm ,by Jeff Goldblum,in Jurassic Park,1993
Must go faster.,Dr. Ian Malcolm ,by Jeff Goldblum,in Jurassic Park,1993
That's to be expected.,General Allenby  ,by Jack Hawkins,in Lawrence of Arabia ,1962
Why not? It's usually best.,General Allenby  ,by Jack Hawkins,in Lawrence of Arabia ,1962
"No, something else.",T.E. Lawrence ,by Peter O'Toole,in Lawrence of Arabia ,1962
"Ah, well, we can't all be lion tamers.",T.E. Lawrence ,by Peter O'Toole,in Lawrence of Arabia ,1962
"Truly, for some men nothing is written unless THEY write it.",Sherif Ali ,by Omar Sharif,in Lawrence of Arabia ,1962
It is recognized that you have a funny sense of fun.,Mr. Dryden ,by Claude Rains,in Lawrence of Arabia ,1962
Faith is a house with many rooms.,Adult Pi Patel ,by Irrfan Khan,in Life of Pi,2012
"Yes, we will get there.",Adult Pi Patel ,by Irrfan Khan,in Life of Pi,2012
Above all: don't lose hope.,Pi Patel ,by Suraj Sharma ,in Life of Pi,2012
It is a lot to take in. To figure out what it all means.,Writer,by Rafe Spall,in Life of Pi,2012
Remember.,Mufasa's Ghost ,by James Earl Jones,in The Lion King,1994
"Oh yes, the past can hurt. But from the way I see it, you can either run from it, or... learn from it.",Rafiki,by Robert Guillaume,in The Lion King,1994
Didn't your mother ever tell you not to play with your food?,Zazu,by Rowan Atkinson,in The Lion King,1994
You can't do that!,Sarabi ,by Madge Sinclair,in The Lion King,1994
"Simba, I'm only brave when I have to be. Being brave doesn't mean you go looking for trouble.",Mufasa,by James Earl Jones,in The Lion King,1994
Tell them the truth!,Adult Simba,by Matthew Broderick,in The Lion King,1994
Don't ever do that again! ,Timon,by Nathan Lane,in The Lion King,1994
"Lady, have you got your lions crossed!",Timon,by Nathan Lane,in The Lion King,1994
"Well, you have to know these things when you're a king, you know.",King Arthur ,by Graham Chapman,in Monty Python and the Holy Grail,1975
A scratch? Your arm's off.,King Arthur ,by Graham Chapman,in Monty Python and the Holy Grail,1975
...You're a loony.,King Arthur ,by Graham Chapman,in Monty Python and the Holy Grail,1975
Oh shut up and go and change your armour.,King Arthur ,by Graham Chapman,in Monty Python and the Holy Grail,1975
What makes you think she's a witch?,Sir Bedevere ,by Terry Jones,in Monty Python and the Holy Grail,1975
"Come on, you pansy!",Black Knight ,by John Cleese,in Monty Python and the Holy Grail,1975
"If it's one thing I can't stand, it's people grovelling.",God,by Graham Chapman,in Monty Python and the Holy Grail,1975
"Well, let's not jump to conclusions.",Sir Lancelot ,by John Cleese,in Monty Python and the Holy Grail,1975
It's going to be a long night.,Eve Kendal ,by Eva Marie Saint,in North by Northwest,1959
You could always take a cold shower.,Eve Kendal ,by Eva Marie Saint,in North by Northwest,1959
"Well, you're a big boy now.",Eve Kendal ,by Eva Marie Saint,in North by Northwest,1959
I didn't realize you were an art collector. I thought you just collected corpses.,Roger Thornhill,by Cary Grant,in North by Northwest,1959
Sometimes the truth does taste like a mouthful of worms.,Leonard,by Martin Landau,in North by Northwest,1959
"Life is pain, Highness. Anyone who says differently is selling something.",Man in Black ,by Cary Elwes,in The Princess Bride,1987
Get used to disappointment.,Man in Black ,by Cary Elwes,in The Princess Bride,1987
Then make your choice.,Man in Black ,by Cary Elwes,in The Princess Bride,1987
Skip to the end.,Prince Humperdinck ,by Chris Sarandon,in The Princess Bride,1987
"Get some rest. If you haven't got your health, then you haven't got anything.",Count Rugen ,by Christopher Guest,in The Princess Bride,1987
"Fuckin' A, bubba. ",Gus Grissom ,by Fred Ward,in The Right Stuff,1983
"Wait a minute, wait a minute!",Gus Grissom ,by Fred Ward,in The Right Stuff,1983
That's right! Exactly! ,John Glenn ,by Ed Harris,in The Right Stuff,1983
"Well, that sounds easy enough.",Gordon Cooper ,by Dennis Quaid,in The Right Stuff,1983
"Yeah, well some women just have a problem with men, you know?",Gordon Cooper ,by Dennis Quaid,in The Right Stuff,1983
All I can suggest is that you get down on your knees and pray.,Reverend Mr. Carmichael ,by Lawrence Grant,in Shanghai Express,1932
You appear to be nervous. Sleep would do you more good.,Captain Donald 'Doc' Harvey ,by Clive Brook,in Shanghai Express,1932
"You only had my interest before, now you have my admiration.",Mr. Henry Chang ,by Warner Oland,in Shanghai Express,1932
"It happens sometimes. Friends come in and out of our lives, like busboys in a restaurant",The Writer ,by Richard Dreyfuss,in Stand by Me,1986
"You can do anything you want, man.",Gordie,by Wil Wheaton,in Stand by Me,1986
"What are you, cracked?",Teddy,by Corey Feldman,in Stand by Me,1986
"No, man. Don't say that. Don't even think that.",Chris,by River Phoenix,in Stand by Me,1986
"You know, the worst ain't so bad when it finally happens. ",Bob Curtin ,by Tim Holt,in The Treasure of the Sierra Madre,1948
Absolutely.,Bob Curtin,by Tim Holt,in The Treasure of the Sierra Madre,1948
"If I were you boys, I wouldn't talk or even think about women. T'aint good for your health.",Howard,by Walter Huston,in The Treasure of the Sierra Madre,1948
A heart is not judged by how much you love; but by how much you are loved by others.,Wizard of Oz ,by Frank Morgan,in The Wizard of Oz,1939
"As for you, my galvanized friend, you want a heart. You don't know how lucky you are not to have one. ",Wizard of Oz ,by Frank Morgan,in The Wizard of Oz,1939
Hearts will never be practical until they can be made unbreakable.,Wizard of Oz ,by Frank Morgan,in The Wizard of Oz,1939
Pay no attention to that man behind the curtain.,Wizard of Oz ,by Frank Morgan,in The Wizard of Oz,1939
"Toto, I've a feeling we're not in Kansas any more.",Dorothy,by Judy Garland,in The Wizard of Oz,1939
What would you do with a brain if you had one?,Dorothy,by Judy Garland,in The Wizard of Oz,1939
"No matter what you think you think, you think the same as I think.",Adam Bonner,by Spencer Tracy,in Adam�s Rib,1949
As if you didn't already know.,Kip Lurie,by David Wayne,in Adam�s Rib,1949
"Oh, for goodness sakes, get down off that crucifix. Someone needs the wood.",Felicia,by Guy Pearce,"in The Adventures of Priscilla, Queen of the Desert",1994
It's so funny you'll laugh so hard your lashes will curl all by themselves.,Felicia,by Guy Pearce,"in The Adventures of Priscilla, Queen of the Desert",1994
So... All dolled up and nowhere to go.,Felicia,by Guy Pearce,"in The Adventures of Priscilla, Queen of the Desert",1994
"Believe me, Bob, these days gentlemen are an endangered species. ",Bernadette,by Terence Stamp,"in The Adventures of Priscilla, Queen of the Desert",1994
I don't fuckin' know.,Mitzi,by Hugo Weaving,"in The Adventures of Priscilla, Queen of the Desert",1994
"Assumption, my dear Mitz, is the mother of all fuck-ups.",Marion,by Sarah Chadwick,"in The Adventures of Priscilla, Queen of the Desert",1994
Surely you can't be serious.,Ted Striker ,by Robert Hays,in Airplane,1980
"You're the most beautiful, exciting thing I've ever seen in my life and I don't know anything about you.",Curt Henderson ,by Richard Dreyfuss,in American Graffiti,1973
Rome wasn't burned in a night.,Joe ,by Bo Hopkins,in American Graffiti,1973
Don't say anything and we'll get along just fine.,Laurie Henderson ,by Cindy Williams,in American Graffiti,1973
Please don't cry.,Jack,by Griffin Dunne,in An American Werewolf in London,1981
Have you tried talking to a corpse? It's boring.,Jack,by Griffin Dunne,in An American Werewolf in London,1981
Could be a lot of things.,David,by David Naughton,in An American Werewolf in London,1981
"I don't know, I'll let you know the next full moon.",David,by David Naughton,in An American Werewolf in London,1981
"Sun is bad for you. Everything our parents said was good is bad. Sun, milk, red meat... college.",Alvy Singer ,by Woody Allen,in Annie Hall,1977
"Boy, if life were only like this!",Alvy Singer ,by Woody Allen,in Annie Hall,1977
"A relationship, I think, is like a shark. You know? It has to constantly move forward or it dies. ",Alvy Singer ,by Woody Allen,in Annie Hall,1977
What's the difference? It's all mental masturbation.,Alvy Singer ,by Woody Allen,in Annie Hall,1977
"I think, I think there's too much burden placed on the orgasm, you know, to make up for empty areas in life.",Alvy Singer ,by Woody Allen,in Annie Hall,1977
"Is it my imagination, or are you just going through the motions?",Alvy Singer ,by Woody Allen,in Annie Hall,1977
You're just upset. You must be getting your period.,Alvy Singer ,by Woody Allen,in Annie Hall,1977
Shut up and deal...,Fran Kubelik ,by Shirley MacLaine,in The Apartment,1960
"When you're in love with a married man, you shouldn't wear mascara.",Fran Kubelik ,by Shirley MacLaine,in The Apartment,1960
Now you're being bright.,J.D. Sheldrake ,by Fred MacMurray,in The Apartment,1960
No kidding.,Margie MacDougall ,by Hope Holiday,in The Apartment,1960
Why won't you talk?,Doris,by Penelope Ann Miller,in The Artist,2011
But things are the way you made them.,Jerry Warriner,by Cary Grant,in The Awful Truth,1937
"Well you should be, because you're wrong about things being different because they're not the same. ",Jerry Warriner,by Cary Grant,in The Awful Truth,1937
Are you sure you don't like that fella?,'Dan' Leeson ,by Ralph Bellamy,in The Awful Truth,1937
"That'll do, pig. That'll do.",Farmer Hoggett ,by James Cromwell,in Babe ,1995
"Oh, what's wrong, dear?",Mrs. Esme Hoggett ,by Magda Szubanski,in Babe ,1995
There must be kinder dispositions in far-off gentler lands.,Ferdinand ,by Danny Mann,in Babe ,1995
The only way you'll find happiness is to accept that the way things are is the way things are. ,Cow,by Charles Bartlett,in Babe ,1995
"Yeah, well, you shouldn't drink.",Marty McFly ,by Michael J. Fox,in Back to the Future,1985
It was meant to be.,Lorraine Baines ,by Lea Thompson,in Back to the Future,1985
"Oh, no you're not.",Tony Hunter ,by Fred Astaire,in The Band Wagon,1940
That's the point. Don't wait too long in life.,Egbert Sous� ,by W.C. Fields,in The Bank Detective,1940
"Don't be a luddy-duddy! Don't be a mooncalf! Don't be a jabbernowl! You're not those, are you?",Egbert Sous� ,by W.C. Fields,in The Bank Detective,1940
That's okay. I swear sometimes myself.,Egbert Sous� ,by W.C. Fields,in The Bank Detective,1940
"You listen to me, Og! There's nothing in this world that is perfect.",Egbert Sous� ,by W.C. Fields,in The Bank Detective,1940
You don't know how lucky you are being a monkey. Because consciousness is a terrible curse. ,Craig Schwartz ,by John Cusack,in Being John Malkovich,1999
"There is truth, and there are lies, and art always tells the truth. Even when it's lying.",Craig Schwartz ,by John Cusack,in Being John Malkovich,1999
I think maybe you're on to something.,Craig Schwartz ,by John Cusack,in Being John Malkovich,1999
"Truth is for suckers, Johnny Boy.",Charlie ,by Charlie Sheen,in Being John Malkovich,1999
"I admire your good, solid sense. That's precisely what we lack on Capitol Hill.","President ""Bobby"" ",by Jack Warden,in Being There,1979
This won't hurt a bit.,Doctor Allenby ,by Richard Dysart,in Being There,1979
A man's past cripples him. His background turns into a swamp and invites scrutiny.,Pallbearer ,by Terrence Currier,in Being There,1979
"You don't get it, do you? This is important!",Josh,by Tom Hanks,in Big ,1988
I'd use the chain if I were you.,Billy,by Jared Rushton,in Big ,1988
You're so analytical! Sometimes you just have to let art... flow... over you.,Nick,by William Hurt,in The Big Chill,1983
"Hey, it's a dead subject.",Nick,by William Hurt,in The Big Chill,1983
Puke first.,Michael,by Jeff Goldblum,in The Big Chill,1983
Everyone does everything just to get laid.,Michael,by Jeff Goldblum,in The Big Chill,1983
"Ohhh, we're telling the truth.",Karen,by JoBeth Williams,in The Big Chill,1983
I know this is hard but it's all beautiful.,Karen,by JoBeth Williams,in The Big Chill,1983
Why do we have to talk about that?,Sam Weber,by Tom Berenger,in The Big Chill,1983
"Oh no, don't do that, don't do that. If you shoot him, you'll just make him mad.",Jim,by Gene Wilder,in Blazing Saddles,1974
"Oh, I don't know. Play chess... screw... ",Jim,by Gene Wilder,in Blazing Saddles,1974
You watch your ass.,William J. Le Petomane ,by Mel Brooks,in Blazing Saddles,1974
Are you crazy? They'll never go for it. And then again they might. Those little red devils... they love toys!,William J. Le Petomane ,by Mel Brooks,in Blazing Saddles,1974
"We've gotta protect our phoney baloney jobs, gentlemen!",William J. Le Petomane ,by Mel Brooks,in Blazing Saddles,1974
"Well, let's play chess. ",Bart,by Cleavon Little,in Blazing Saddles,1974
"All right, you caught me. To speak the plain truth, it's getting pretty damn dull around here.",Bart,by Cleavon Little,in Blazing Saddles,1974
That might help.,Taggart ,by Slim Pickens,in Blazing Saddles,1974
It�s a strange world. Isn�t it?,Jeffrey Beaumont ,by Kyle MacLachlan,in Blue Velvet ,1986
There are opportunities in life for gaining knowledge and experience.,Jeffrey Beaumont ,by Kyle MacLachlan,in Blue Velvet ,1986
Sometimes it�s necessary to take a risk.,Jeffrey Beaumont ,by Kyle MacLachlan,in Blue Velvet ,1986
That�s kind of interesting.,Sandy Williams ,by Laura Dern,in Blue Velvet ,1986
You have a point there.,Sandy Williams ,by Laura Dern,in Blue Velvet ,1986
I don�t know if you�re a detective or a pervert.,Sandy Williams ,by Laura Dern,in Blue Velvet ,1986
So I guess it means� there is trouble till the robins come.,Sandy Williams ,by Laura Dern,in Blue Velvet ,1986
You are so fucking suave.,Frank Booth ,by Dennis Hopper,in Blue Velvet ,1986
"Hey, you wanna go for a ride?",Frank Booth ,by Dennis Hopper,in Blue Velvet ,1986
Behave yourself. Don�t blow it. ,Detective John Williams ,by George Dickerson,in Blue Velvet ,1986
"Listen, kid, we're all in it together.",Harry Tuttle ,by Robert De Niro,in Brazil,1985
I only know you got the wrong man.,Sam Lowry ,by Jonathan Pryce,in Brazil,1985
"Where'd you get this from, eh? Out yer nostril?",Spoor,by Bob Hoskins,in Brazil,1985
"All you've got to do is blow your nose and it's fixed, in't it?",Spoor,by Bob Hoskins,in Brazil,1985
"Because no matter where you run, you just end up running into yourself.",Paul Varjak ,by George Peppard,in Breakfast at Tiffany�s,1961
You're crazy.,Paul Varjak ,by George Peppard,in Breakfast at Tiffany�s,1961
So what.,Holly Golightly ,by Audrey Hepburn,in Breakfast at Tiffany�s,1961
You musn't give your heart to a wild thing. ,Holly Golightly ,by Audrey Hepburn,in Breakfast at Tiffany�s,1961
A girl can't read that sort of thing without her lipstick.,Holly Golightly ,by Audrey Hepburn,in Breakfast at Tiffany�s,1961
"Anyone who ever gave you confidence, you owe them a lot.",Holly Golightly ,by Audrey Hepburn,in Breakfast at Tiffany�s,1961
Ahh... Do I detect a look of disapproval in your eye?,Holly Golightly ,by Audrey Hepburn,in Breakfast at Tiffany�s,1961
"You could always tell what kind of a person a man thinks you are by the earrings he gives you. I must say, the mind reels.",Holly Golightly ,by Audrey Hepburn,in Breakfast at Tiffany�s,1961
You know what's gonna happen to you? I am gonna march you over to the zoo and feed you to the yak.,Mag Wildwood,by Dorothy Whitney,in Breakfast at Tiffany�s,1961
"We're all pretty bizarre. Some of us are just better at hiding it, that's all.",Andrew,by Emilio Estevez,in The Breakfast Club,1985
That's real intelligent.,Andrew,by Emilio Estevez,in The Breakfast Club,1985
Do you have any idea how completely gross that is?,Claire Standish ,by Molly Ringwald,in The Breakfast Club,1985
"You know, you look a lot better without all that black shit under your eyes.",Claire Standish ,by Molly Ringwald,in The Breakfast Club,1985
It's because you're afraid.,Claire Standish ,by Molly Ringwald,in The Breakfast Club,1985
"Screws fall out all the time, the world is an imperfect place.",John Bender ,by Judd Nelson,in The Breakfast Club,1985
"Being bad feels pretty good, huh?",John Bender ,by Judd Nelson,in The Breakfast Club,1985
You're kind of sexy when you're angry.,John Bender ,by Judd Nelson,in The Breakfast Club,1985
"No, you started it! Did you forget to take your Xanax this morning?",13-Year-Old Girl ,by Mia Rose Frampton,in Bridesmaids,2011
"Oh, I feel bad for your parents.",Annie,by Kristen Wiig,in Bridesmaids,2011
Really?,Rhodes ,by Chris O'Dowd,in Bridesmaids,2011
"You are more beautiful than Cinderella! You smell like pine needles, and have a face like sunshine!",Becca ,by Ellie Kemper,in Bridesmaids,2011
"Now, don't lose your temper.",Susan Vance ,by Katharine Hepburn,in Bringing up Baby,1938
After all the fun we've had?,Susan Vance ,by Katharine Hepburn,in Bringing up Baby,1938
"You're angry, aren't you?",Susan Vance ,by Katharine Hepburn,in Bringing up Baby,1938
That's a masterpiece of understatement.,David Huxley ,by Cary Grant,in Bringing up Baby,1938
I wouldn't dare give a reason for anything you do.,David Huxley ,by Cary Grant,in Bringing up Baby,1938
"It must be nice to always believe you know better, to always think you're the smartest person in the room.",Paul Moore ,by Peter Hackes,in Broadcast News,1987
"Now, if there's anything I can do for you...",Paul Moore ,by Peter Hackes,in Broadcast News,1987
"Wouldn't this be a great world if insecurity and desperation made us more attractive? If ""needy"" were a turn-on?",Aaron Altman ,by Albert Brooks,in Broadcast News,1987
Keep it to yourself.,Aaron Altman ,by Albert Brooks,in Broadcast News,1987
"Well, wait a minute, that changes everything!",Aaron Altman ,by Albert Brooks,in Broadcast News,1987
"Nothing like wrestling with a moral dilemma, is there?",Aaron Altman ,by Albert Brooks,in Broadcast News,1987
"Just what do you want from me anyway, permission to be a fake? Stop whining.",Jane Craig ,by Holly Hunter,in Broadcast News,1987
"Honey, you are a regular nuclear meltdown. You better cool off. ",Annie Savoy ,by Susan Sarandon,in Bull Durham,1988
Making love is like hitting a baseball: you just gotta relax and concentrate.,Annie Savoy ,by Susan Sarandon,in Bull Durham,1988
The world is made for people who aren't cursed with self awareness.,Annie Savoy ,by Susan Sarandon,in Bull Durham,1988
"Honey, we all deserve to wear white.",Annie Savoy ,by Susan Sarandon,in Bull Durham,1988
"Listen, sweetheart, you shouldn't listen to what a woman says when she's in the throes of passion. They say the darnedest things.",Annie Savoy ,by Susan Sarandon,in Bull Durham,1988
Mmmmm. How romantic.,Annie Savoy ,by Susan Sarandon,in Bull Durham,1988
"You're gonna have to learn your clich�s. You're gonna have to study them, you're gonna have to know them. They're your friends. ",Crash Davis ,by Kevin Costner,in Bull Durham,1988
"'Course it's boring, that's the point. Write it down.",Crash Davis ,by Kevin Costner,in Bull Durham,1998
"Think classy, you'll be classy.",Crash Davis ,by Kevin Costner,in Bull Durham,1998
We're dealing with a lot of shit.,Crash Davis ,by Kevin Costner,in Bull Durham,1998
I wouldn't dig in if I was you. Next one might be at your head. I don't know where it's gonna go. Swear to God.,Crash Davis ,by Kevin Costner,in Bull Durham,1998
Hopeless. This is utterly fucking hopeless.,Crash Davis ,by Kevin Costner,in Bull Durham,1998
That's... what I thought you said. Get in the car. Go on!,Mr. Parker ,by Darren McGavin,in A Christmas Story,1983
"No, you'll shoot your eye out.",Mrs. Parker ,by Melinda Dillon,in A Christmas Story,1983
Show me how the piggies eat. Be a good boy. Show mommy how the piggies eat.,Mrs. Parker ,by Melinda Dillon,in A Christmas Story,1983
"Another shot of mysterious, inexorable, official justice.",Ralphie as Adult ,by Jean Shepherd,in A Christmas Story,1983
"Yes, clearly, a little bribe never hurts.",Ralphie as Adult ,by Jean Shepherd,in A Christmas Story,1983
Be careful how you're driving.,The Tramp ,by Charles Chaplin,in City Lights,1931
And I hope it feels good.,Randal Graves ,by Jeff Anderson,in Clerks Dante ,1994
"I hope it feels so good to be right. There's nothing more exhilarating than pointing out the shortcomings of others, is there?",Randal Graves ,by Jeff Anderson,in Clerks Dante ,1994
"Have some chips, you'll feel better.",Randal Graves ,by Jeff Anderson,in Clerks Dante ,1994
You'll be missed.,Randal Graves ,by Jeff Anderson,in Clerks Dante ,1994
You're so repressed.,Randal Graves ,by Jeff Anderson,in Clerks Dante ,1994
You're here of your own volition.,Randal Graves ,by Jeff Anderson,in Clerks Dante ,1994
Such a sordid state of affairs.,Caitlin Bree ,by Lisa Spoonauer,in Clerks Dante ,1994
"Oh, now, that's stretching it. You're not being asked to slay children or anything.",Caitlin Bree ,by Lisa Spoonauer,in Clerks Dante ,1994
You are a danger to both the dead and the living.,Dante Hicks ,by Brian O'Halloran,in Clerks Dante ,1994
You are a danger to both the dead and the living.,Dante Hicks ,by Brian O'Halloran,in Clerks Dante ,1994
"Well, there goes your social life.",Dionne ,by Stacey Dash,in Clueless ,1995
Some people are not lucky enough to be as naturally adorable as you are.,Cher ,by Alicia Silverstone,in Clueless ,1995
Anything you can do to draw attention to your mouth is good.,Cher ,by Alicia Silverstone,in Clueless ,1995
"God no, nothing like that.",Cher ,by Alicia Silverstone,in Clueless ,1995
Let's do a lap before we commit to a location.,Cher ,by Alicia Silverstone,in Clueless ,1995
"Wow, your face is catching up with your mouth.",Cher ,by Alicia Silverstone,in Clueless ,1995
Sporadically. It means once in a while. Try to use it in a sentence.,Cher ,by Alicia Silverstone,in Clueless ,1995
Tardiness is not something you can do on your own.,Travis,by Breckin Meyer,in Clueless ,1995
"Why? You want to have a miserable, frustrating life?",Mel,by Dan Hedaya,in Clueless ,1995
We define ourselves by the choices we have made. We are in fact the sum total of our choices. ,Professor Levy ,by Martin Bergmann,in Crimes and Misdemeanors,1989
"If it bends, it's funny. If it breaks, it isn't.",Lester,by Alan Alda,in Crimes and Misdemeanors,1989
"If you want a happy ending, you should go see a Hollywood movie.",Judah Rosenthal ,by Martin Landau,in Crimes and Misdemeanors,1989
Don't get discouraged. You have your own personal vision.,Halley,by Mia Farrow,in Crimes and Misdemeanors,1989
You always makin' big plans for tomorrow. You know why? Because you always fuckin' up today.,Bobbie,by Billie Neal,in Down by Law,1982
"Your speech, Louis, is becoming meteorological.",Mrs. Talmann ,by Anne-Louise Lambert,in The Draughtsman�s Contract,1982
"Well, that was ingenious.",Mr. Neville ,by Anthony Higgins,in The Draughtsman�s Contract,1982
Chasing sheep is a tiresome habit best left to shepherds.,Mr. Talmann ,by Hugh Fraser,in The Draughtsman�s Contract,1982
Never mind that stuff.,Rufus T. Firefly ,by Groucho Marx,in Duck Soup,1933
Hey! Do you want to be a public nuisance?,Rufus T. Firefly ,by Groucho Marx,in Duck Soup,1933
"Well, who you gonna believe? Me or your own eyes?",Chicolini,by Chico Marx,in Duck Soup,1933
"Oh, for heaven's sake, whatever you do, don't make a sound! If you found, you lost!",Vera Marcal ,by Raquel Torres,in Duck Soup,1933
Ya got that right.,Officer Olson ,by Cliff Rakerd,in Fargo,1996
"You're a smooth smoothie, you know?",Gaear Grimsrud ,by Peter Stormare,in Fargo,1996
The heck do ya mean?,Jerry Lundegaard ,by William H. Macy,in Fargo,1996
Is it reasonable?,Marge Gunderson ,by Frances McDormand,in Fargo,1996
Right. Learn it. Know it. Live it.,Brad Hamilton ,by Judge Reinhold,in Fast Times at Ridgemont High,1982
People exaggerate so much around here.,Linda Barrett ,by Phoebe Cates,in Fast Times at Ridgemont High,1982
"Life moves pretty fast. If you don't stop and look around once in a while, you could miss it.",Ferris,by Matthew Broderick,in Ferris Bueller�s Day Off,1986
Where's your brain?,Ferris,by Matthew Broderick,in Ferris Bueller�s Day Off,1986
Only the meek get pinched. The bold survive.,Ferris,by Matthew Broderick,in Ferris Bueller�s Day Off,1986
Come on! Live a little!,Ferris,by Matthew Broderick,in Ferris Bueller�s Day Off,1986
"Smile, babe. Just smile...",Ferris,by Matthew Broderick,in Ferris Bueller�s Day Off,1986
Go piss up a flagpole.,Jeannie,by Jennifer Grey,in Ferris Bueller�s Day Off,1986
"Sooner or later, everybody goes to the zoo.",Sloane,by Mia Sara,in Ferris Bueller�s Day Off,1986
Take a bath. Then wrap a hot towel around your head.,Tom Bueller ,by Lyman Ward,in Ferris Bueller�s Day Off,1986
"Well, if you absolutely insist...",Archie: ,by John Cleese,in A fish Called Wanda,1988
Avoid the green ones. They're not ripe yet.,Otto ,by Kevin Kline,in A fish Called Wanda,1988
You have to do the best with what God gave you.,Mrs. Gump ,by Sally Field,in Forest Gump,1994
"Life's a box of chocolates, Forrest. You never know what you're gonna get.",Mrs. Gump ,by Sally Field,in Forest Gump,1994
You're gonna have to figure that out for yourself.,Mrs. Gump ,by Sally Field,in Forest Gump,1994
"Some people don't think miracles happen, well, they do.",Forrest Gump ,by Tom Hanks,in Forest Gump,1994
You're joking.,Charles,by Hugh Grant,in Four Weddings and a Funeral,1994
You must be very proud!,Fiona,by Kristin Scott Thomas,in Four Weddings and a Funeral,1994
There's a sort of greatness to your lateness.,Fiona,by Kristin Scott Thomas,in Four Wedding and a Funeral,1994
The great advantage of having a reputation for being stupid: People are less suspicious of you.,Tom,by James Fleet,in Four Weddings and a Funeral,1994
If you lose this war don't blame me.,Johnnie Gray ,by Buster Keaton,in The General,1926
You know I think you're the only girl in the world who can stand on a stage with a spotlight in her eye and still see a diamond inside a man's pocket.,Dorothy Shaw ,by Jane Russell,in Gentlemen Prefer Blondes,1953
"Remember, honey, on your wedding day it's All right to say ""yes.""",Dorothy Shaw ,by Jane Russell,in Gentlemen Prefer Blondes,1953
"Well, sometimes there's just no other possible explanation.",Dorothy Shaw ,by Jane Russell,in Gentlemen Prefer Blondes,1953
"You should be ashamed to admit it. No, don't say another word. No, don't say another word.",Lorelei Lee ,by Marilyn Monroe,in Gentlemen Prefer Blondes,1953
I want you to find happiness and stop having fun.,Lorelei Lee ,by Marilyn Monroe,in Gentlemen Prefer Blondes,1953
Are you out of your mind?,Mr. Esmond Sr. ,by Taylor Holmes,in Gentlemen Prefer Blondes,1953
"Bite your head off, man.",Dr. Peter Venkman ,by Bill Murray,in Ghostbusters,1984
I don't think you're crazy.,Dr. Peter Venkman ,by Bill Murray,in Ghostbusters,1984
Is this a trick question?,Dr. Peter Venkman ,by Bill Murray,in Ghostbusters,1984
You... You've earned it,Dr. Peter Venkman ,by Bill Murray,in Ghostbusters,1984
"Actually, it's more of a guideline than a rule...",Dr. Peter Venkman ,by Bill Murray,in Ghostbusters,1984
You're the best one on your row.,Dr. Peter Venkman ,by Bill Murray,in Ghostbusters,1984
"If someone asks if you are a god, you say, ""yes!""",Winston Zeddemore ,by Ernie Hudson,in Ghostbusters,1984
Don't move! It won't hurt you.,Dr Ray Stantz ,by Dan Aykroyd,in Ghostbusters,1984
You are so odd.,Dana Barrett ,by Sigourney Weaver,in Ghostbusters,1984
"Bad table manners, my dear Gigi, have broken up more households than infidelity.",Aunt Alicia ,by Isabel Jeans,in Gigi,1958
Certainly not! The only people who make love all the time are liars.,Gaston Lachaille ,by Louis Jourdan,in Gigi,1958
It makes you look like a giraffe with a goiter!,Gaston Lachaille ,by Louis Jourdan,in Gigi,1958
If you like that sort of thing.,Gaston Lachaille ,by Louis Jourdan,in Gigi,1958
Take advantage of the chance!,Honore Lachaille ,by Maurice Chevalier,in Gigi,1958
You must catch her if you can!,Honore Lachaille ,by Maurice Chevalier,in Gigi,1958
"Youth is the thing, Gaston. Youth. Stay close to the young and a little rubs off.",Honore Lachaille ,by Maurice Chevalier,in Gigi,1958
Why not?,Lt. Steven Hauk,by Bruno Kirby,"in Good Morning, Vietnam",1987
You ain't got time. You'll stay here and drink instant beverages or something. ,Lt. Steven Hauk,by Bruno Kirby,"in Good Morning, Vietnam",1987
That is not funny!,Lt. Steven Hauk,by Bruno Kirby,"in Good Morning, Vietnam",187
"Sir, you're not funny. Ask around.",Edward Garlick,by Forest Whitaker,"in Good Morning, Vietnam",1987
Not now man come on.,Adrian Cronauer,by Robin Williams,"in Good Morning, Vietnam",1987
"Real homey, in an opium kinda way.",Adrian Cronauer,by Robin Williams,"in Good Morning, Vietnam",1987
You are in more dire need of a blowjob than any white man in history.,Adrian Cronauer,by Robin Williams,"in Good Morning, Vietnam",1987
Oh my God!,Benjamin,by Dustin Hoffman,in The Graduate,1967
This is all terribly wrong.,Benjamin,by Dustin Hoffman,in The Graduate,1967
"It doesn't matter if you win or lose, it's what you do with your dancin' shoes.",Vince,by Edd Byrnes,in Grease ,1978
There ain't no such thing.,Rizzo,by Stockard Channing,in Grease ,1978
Some people are so touchy.,Rizzo,by Stockard Channing,in Grease ,1978
The problem's in your mouth.,Kenickie,by Jeff Conaway,in Grease ,1978
I think there's more to you than just fat.,Putzie,by Kelly Ward,in Grease ,1978
That could be cool.,Danny ,by John Travolta,in Grease ,1978
Of course not; it's only the beginning.,Danny ,by John Travolta,in Grease ,1978
Don't drive angry. Don't drive angry!,Phil,by Bill Murray,in Groundhod Day,1993
"Well, you can. It just takes an awful lot of work.",Phil,by Bill Murray,in Groundhod Day,1993
Anything different is good.,Phil,by Bill Murray,in Groundhod Day,1993
It's true.,Phil,by Bill Murray,in Groundhod Day,1993
Apparently not.,Phil,by Bill Murray,in Groundhod Day,1993
You're incredible.,Rita,by Andie MacDowell,in Groundhod Day,1993
Sounds good.,Rita,by Andie MacDowell,in Groundhod Day,1993
You're mad!,Sgt. Archibald Cutter ,by Cary Grant,in Gunga Din,1939
"Read the papers, half the country's doing it!",Mickey,by Woody Allen,in Hannah and her Sisters,1986
You just can't let the world judge you too much.,Maude,by Ruth Gordon,in Harold and Maude,1971
"Consistency is not ""really"" a human trait.",Maude,by Ruth Gordon,in Harold and Maude,1971
That tears it.,Walter Neff ,by Fred MacMurray,in Double Indemnity,1944
"Do I laugh now, or wait 'til it gets funny?",Walter Neff ,by Fred MacMurray,in Double Indemnity,1944
Have you made up your mind? ,Barton Keyes ,by Edward G. Robinson ,in Double Indemnity,1944
"Well, we're not in Medford now, we're in a hurry. ",Barton Keyes,by Edward G. Robinson ,in Double Indemnity,1944
"Believe me, I'm on your side on this one!",Sheldon,by James Broderick,in Dog Day Afternoon,1975
Why don't you smoke?,Sylvia,by Penelope Allen,in Dog Day Afternoon,1975
You look like you're hard to work with.,Cook,by James Biberi ,in Drive,2011
What do you get out of it?,Nino,by Ron Perlman ,in Drive,2011
"You look like a zombie, kid. You getting any sleep?",Shannon,by Bryan Cranston,in Drive,2011
But second chances are rare. Right? And that's worth celebrating.,Standard,by Oscar Isaac ,in Drive,2011
"You're not very good at this, are you?",Nino,by Ron Perlman ,in Drive,2011
Most people don't know how they're gonna feel from one moment to the next.,Bob,by Matt Dillon ,in Drugstore Cowboy,1989
You can buck the system but you can't buck the dark forces that lie hidden beneath the surface. The ones some people call superstitions.,Bob,by Matt Dillon ,in Drugstore Cowboy,1989
"Heavy, man. You guys been reading too much Mickey Spillane or something?",Bob,by Matt Dillon ,in Drugstore Cowboy,1989
"Because that's just the way it is, sweetie.",Bob,by Matt Dillon ,in Drugstore Cowboy,1989
Alright everybody just act cool. Just like we got back from church.,Bob,by Matt Dillon ,in Drugstore Cowboy,1989
Why don't you grow up?,Bob,by Matt Dillon ,in Drugstore Cowboy,1989
Sometimes bad luck can be good luck.,Diane,by Kelly Lynch,in Drugstore Cowboy,1989
You're fuckin' sick. Don't do this.,Nathan,by Nathan Tyson,in Elephant,1944
"Most importantly, have fun.",Alex,by Alex Frost,in Elephant,1944
"Oh, you'll see.",Alex,by Alex Frost,in Elephant,1944
Now let's see you do something really tough - like putting your pants on.,Philip Marlowe ,by Dick Powell,"in Farewell, My Lovely",1944
"Now this is beginning to make sense, in a screwy sort of a way.",Philip Marlowe ,by Dick Powell,"in Farewell, My Lovely",1944
Remarks want you to make them. They got their tongues hanging out waiting to be said.,Philip Marlowe ,by Dick Powell,"in Farewell, My Lovely",1944
Like a duck in a shooting gallery.,Philip Marlowe ,by Dick Powell,"in Farewell, My Lovely",1944
Skip the water. Make that one with scotch. It'll save time.,Philip Marlowe ,by Dick Powell,"in Farewell, My Lovely",1944
"You know, I think you're nuts. ",Ann Grayle ,by Anne Shirley,"in Farewell, My Lovely",1944
You go barging around without a very clear idea of what you're doing.,Ann Grayle ,by Anne Shirley,"in Farewell, My Lovely",1944
"Everybody bats you down, smacks you over the head, fills you full of stuff... and you keep right on hitting between tackle and end. ",Ann Grayle ,by Anne Shirley,"in Farewell, My Lovely",1944
I don't think you even know which SIDE you're on.,Ann Grayle ,by Anne Shirley,"in Farewell, My Lovely",1944
You're just a nice mug.,Helen Grayle ,by Claire Trevor,"in Farewell, My Lovely",1944
A man could spend the rest of his life trying to remember what he shouldn't have said.,Edna Tucker ,by Marie Windsor,in Force of Evil,1948
You're not strong or weak enough.,Edna Tucker ,by Marie Windsor,in Force of Evil,1948
Don't bother; besides it's not nice to do.,Joe Morse ,by John Garfield,in Force of Evil,1948
Never trust anyone!,Jimmy 'Popeye' Doyle ,by Gene Hackman ,in The French Connection,1971
"Pay attention, we're gonna ask questions later!","Buddy ""Cloudy"" Russo ",by Roy Scheider,in The French Connection,1971
"Give it up, it's all over with.",Walt Simonson ,by Eddie Egan,in The French Connection,1971
"You�re getting angry quick, don�t� you think?",Zo� Bell ,by Zo� Bell ,in Death Proof,2007
"If you don�t bust their balls a bit, they won�t respect you.",Arlene,by Vanessa Ferlito ,in Death Proof,2007
"Hey, shots first, questions later.",Warren,by Quentin Tarantino ,in Death Proof,2007
"Ooh, is that cowboy wisdom?",Pam,by Rose McGowan ,in Death Proof,2007
There are few things as fetching as a bruised ego on a beautiful angel.,Stuntman Mike ,by Kurt Russell ,in Death Proof,2007
"You're a big man, but you're in bad shape. With me it's a full time job. Now behave yourself.",Jack Carter ,by Michael Caine ,in Get Carter,1971
Take your clothes off.,Jack Carter ,by Michael Caine ,in Get Carter,1971
You wouldn't do that,Jack Carter ,by Michael Caine ,in Get Carter,1971
Think about it.,Jack Carter ,by Michael Caine ,in Get Carter,1971
"Here, go get yourself a course in karate.",Jack Carter ,by Michael Caine ,in Get Carter,1971
YOU CAN ACT LIKE A MAN!,Don Corleone ,by Marlon Brando,in The Godfather,1972
She's hysterical.,Michael Corleone ,by Al Pacino,in The Godfather,1972
I make him an offer he don' refuse. Don' worry.,Vito Corleone ,by Robert De Niro ,"in The Godfather, part II",1974
Your country ain't your blood. Remember that,Santino,by James Caan,"in The Godfather, part II",1974
I suppose I always knew you were too smart to let any of them ever beat you.,Kay,by Diane Keaton ,"in The Godfather, part II",1974
"I know it was you, Fredo. You broke my heart. You broke my heart!",Michael Corleone ,by Al Pacino,"in The Godfather, part II",1974
"If anything in this life is certain, if history has taught us anything, it is that you can kill anyone.",Michael Corleone ,by Al Pacino,"in The Godfather, part II",1974
"You're a pistol, you're really funny. You're really funny.",Henry Hill ,by Ray Liotta ,in Goodfellas,1990
"Sometimes you don't sound like you're kidding, you know, there's a lotta people around...",Tommy DeVito ,by Joe Pesci,in Goodfellas,1990
Don't buy wigs that come off at the wrong time.,Morrie,by Chuck Low ,in Goodfellas,1990
"Yeah, yeah, yeah, come on, come on, come on!",Billy Batts ,by Frank Vincent,in Goodfellas,1990
That wouldn't be a bad idea.,Copa Captain ,by Anthony Polemeni,in Goodfellas,1990
"Yeah, you're always fuckin' late. You'll be late for your own fuckin' funeral.",Henry Hill,by Ray Liotta ,in Goodfellas,1990
What's the fuckin' matter with you? ,Jimmy Conway ,by Robert De Niro,in Goodfellas,1990
"What are you, stupid or what? ",Jimmy Conway ,by Robert De Niro,in Goodfellas,1990
"What the fuck are you doin'? What are you, a fuckin' sick maniac?",Jimmy Conway ,by Robert De Niro,in Goodfellas,1990
"Look at me, never rat on your friends and always keep your mouth shut.",Jimmy Conway ,by Robert De Niro,in Goodfellas,1990
What's wrong with that?,Bart,by John Dall ,in Gun Crazy,1950
Some guys are born clowns.,Bart,by John Dall ,in Gun Crazy,1950
It's just that some guys are born smart about women and some guys are born dumb.,Bluey-Bluey ,by Stanley Prager,in Gun Crazy,1950
Only the best people fight against all obstacles in pursuit of happiness.,Juliet Hulme ,by Kate Winslet,in Heavenly Creatures,1994
Affairs are much more exciting than marriages.,Juliet Hulme ,by Kate Winslet,in Heavenly Creatures,1994
How odd... yet how pleasing.,Pauline Parker ,by Melanie Lynskey,in Heavenly Creatures,1994
Aren't you clever?,Hilda Hulme ,by Diana Kent,in Heavenly Creatures,1994
It's always the same and it's always different.,Henry,by Michael Rooker,in Henry: Portrait of a Serial Killer,1986
"Well, no plan is perfect.",Henry,by Michael Rooker,in Henry: Portrait of a Serial Killer,1986
"But use your eyes, your common sense.",Jim Garrison ,by Kevin Costner,in JFK,1991
Telling the truth can be a scary thing sometimes.,Jim Garrison ,by Kevin Costner,in JFK,1991
"If you let yourself be too scared then you let the bad guys take over the country, don't you? And then everybody gets scared.",Jim Garrison ,by Kevin Costner,in JFK,1991
"Fundamentally, people are suckers for the truth. And the truth is on your side, Bubba.",X,by Donald Sutherland,in JFK,1991
"Do your own work, your own thinking.",X,by Donald Sutherland,in JFK,1991
You as crazy as your mama. Goes to show it's in the genes.,Dean Andrews ,by John Candy,in JFK,1991
"No, that cannot be done. There will be no safe place for you. We're not law-enforcement officers.",Earl Warren ,by Jim Garrison,in JFK,1991
"There's a lot of smoke there, but there's some fire.",Numa Bertel ,by Wayne Knight,in JFK,1991
Why don't you take a good rest. I must say you've earned it.,R.S. Kenyon ,by Donald MacBride,in The Killers,1946
"You're a pretty bright boy, aren't you?",Al,by Charles McGraw,in The Killers,1946
"You can leave anytime you want, friend.",Big Jim Colfax ,by Albert Dekker,in The Killers,1946
Sure.,George,by Harry Hayden,in The Killers,1946
Don't feel bad about losing your virtue. I sort of knew you would. Everybody always does.,Bree Daniel ,by Jane Fonda,in Klute,1971
"Men would pay $200 for me, and here you are turning down a freebie. You could get a perfectly good dishwasher for that.",Bree Daniel ,by Jane Fonda,in Klute,1971
It's all a great big game to you. ,Peter Cable ,by Charles Cioffi,in Klute,1971
you're all obviously too lazy and too warped to do anything meaningful with your lives so you prey upon the sexual fantasies of others. ,Peter Cable ,by Charles Cioffi,in Klute,1971
Ah - that's so pathetic.,John Klute ,by Donald Sutherland ,in Klute,1971
Some men get the world. Others get ex-hookers and a trip to Arizona.,Lynn Bracken ,by Kim Basinger,in L.A. Confidential,1997
"You have the eye for human weakness, but not the stomach.",Captain Dudley Smith ,by James Cromwell,in L.A. Confidential,1997
"Don't start tryin' to do the right thing, boy-o. You haven't the practice.",Captain Dudley Smith ,by James Cromwell,in L.A. Confidential,1997
I doubt you've ever taken a stupid breath. Don't start now.,Captain Dudley Smith ,by James Cromwell,in L.A. Confidential,1997
Hush hush.,Captain Dudley Smith ,by James Cromwell,in L.A. Confidential,1997
Even if it means paying the consequences?,Jack Vincennes ,by Kevin Spacey ,in L.A. Confidential,1997
"Yeah, subtle.",Jack Vincennes ,by Kevin Spacey ,in L.A. Confidential,1997
Now's your chance.,Bud White ,by Russell Crowe,in L.A. Confidential,1997
Everybody is somebody's fool.,Michael O'Hara,by Orson Welles,in The Lady from Shanghai,1947
"It's a bright, guilty world.",Michael O'Hara,by Orson Welles,in The Lady from Shanghai,1947
One who follows his nature keeps his original nature in the end.,Michael O'Hara,by Orson Welles,in The Lady from Shanghai,1947
Some people can smell danger. ,Michael O'Hara,by Orson Welles,in The Lady from Shanghai,1947
"Oh, yeah. But you'll never guess.",George Grisby,by Glenn Anders,in The Lady from Shanghai,1947
"I told you, you know nothing about wickedness.",Elsa Bannister,by Rita Hayworth,in The Lady from Shanghai,1947
Good boy!,George Grisby,by Glenn Anders,in The Lady from Shanghai,1947
The Freudian mind-fuck isn't gonna work either.,Harlan,by Bill Nunn,in The Last Seduction,1994
Anyone check you for a heartbeat recently?,Frank Griffith ,by J.T. Walsh,in The Last Seduction,1994
Grow up.,Mike Swale ,by Peter Berg,in The Last Seduction,1994
"Ooh, touchy. I'm sure your woman is very understanding.",Bridget Gregory ,by Linda Fiorentino ,in The Last Seduction,1994
You'll play this creep's game?,Harry,by Clint Eastwood,in Dirty Harry,1971
Why don't you start by telling the truth?,Harry,by Clint Eastwood,in Dirty Harry,1971
"You have to ask yourself a question: ""Do I feel lucky?"" Well, do you, punk?",Harry,by Clint Eastwood,in Dirty Harry,1971
How did you figure that?,Harry Callahan,by Clint Eastwood,in The Enforcer,1976
You wouldn't believe me if I told.,Harry Callahan,by Clint Eastwood,in The Enforcer,1976
Marvelous.,Harry Callahan,by Clint Eastwood,in The Enforcer,1976
What makes you think so?,Harry Callahan,by Clint Eastwood,in The Enforcer,1976
You can count on it. ,Harry Callahan,by Clint Eastwood,in The Enforcer,1976
A man's got to know his limitations.,Harry Callahan,by Clint Eastwood,in Magnum Force,1973
Nothing wrong with shooting as long as right people get shot!,Harry Callahan,by Clint Eastwood,in Magnum Force,1973
That's right.,Harry Callahan,by Clint Eastwood,in Magnum Force,1973
Try knocking on the door.,Harry Callahan,by Clint Eastwood,in Magnum Force,1973
A good man always knows his limitations,Harry Callahan,by Clint Eastwood,in Magnum Force,1973
That shows a certain sense of style.,Harry Callahan,by Clint Eastwood,in Magnum Force,1973